date,symbol,action,shares,price,total,reasoning
2026-06-11,AAPL,BUY,10,295.63,2956.30,"Apple has shown resilience despite market volatility and is part of a broader trend where tech stocks are expected to bounce back. Current price is attractive for entry, considering the potential growth."
2026-06-11,JNJ,BUY,5,238.33,1191.65,"Johnson & Johnson's stock is experiencing positive market attention, and the recent news indicates potential for growth. Adding JNJ diversifies the portfolio into healthcare."
2026-06-11,MSFT,BUY,20,390.34,7806.80,"Microsoft is showing resilience in the tech sector despite recent market fluctuations, and its long-term growth prospects remain strong."
2026-06-11,V,BUY,15,319.05,4785.75,"Visa remains a leader in digital payments and is likely to benefit from the ongoing shift to a cashless society, making it a solid addition to diversify the portfolio."
2026-06-11,TSLA,BUY,5,399.15,1995.75,"Tesla's recent developments in their product line and ongoing innovation in EV technology suggest potential for growth, making it an attractive investment."
2026-06-11,MSFT,BUY,5,390.34,1951.70,"MSFT is a strong company with good growth prospects, and its recent pullback presents a solid buying opportunity."
2026-06-11,GOOGL,BUY,3,357.77,1073.31,"GOOGL is consistently growing its revenue and has a strong market position, making it a reliable investment option."
2026-06-11,TSLA,BUY,2,399.15,798.30,"Despite recent volatility, TSLA has strong growth potential and innovations in the electric vehicle market."
2026-06-11,WMT,BUY,500,120.50,60250.00,"Walmart offers a solid value proposition and can benefit from inflationary pressures, evidenced by its stable cash flow and essential retail position."
2026-06-11,META,BUY,5,568.43,2842.15,"Meta has strong growth potential with ongoing developments in AR/VR and consistent advertising revenue, making it a compelling buy at current levels."
2026-06-11,AAPL,BUY,10,295.63,2956.30,"AAPL has shown strong fundamentals and is a key player in the tech sector, making it a solid choice during market upswings."
2026-06-11,MSFT,BUY,10,390.34,3903.40,"MSFT continues to expand its cloud offerings, showing resilience in earnings; it's a strong long-term investment."
2026-06-11,V,BUY,5,319.05,1595.25,V is a leader in the payments industry and is expected to benefit from the ongoing digital payment trend.
2026-06-11,GOOGL,BUY,3,357.77,1073.31,GOOGL has a monopoly in digital advertising and strong growth prospects driven by AI advancements.
2026-06-11,AAPL,BUY,10,295.63,2956.30,"AAPL's current price matches its average cost, indicating stability, and I believe it has strong growth potential in the coming quarters due to ongoing innovation and strong brand loyalty."
2026-06-11,PG,BUY,15,148.34,2225.10,"PG has shown resilience in a volatile market, with a recent positive narrative around its diversified product portfolio and stability in consumer products, making it a safe investment."
2026-06-11,JNJ,BUY,5,238.33,1191.65,"JNJ is trading at its average cost with a solid history of growth and a recent positive market sentiment regarding healthcare stocks, making it an attractive addition to the portfolio."
2026-06-11,AAPL,BUY,10,295.63,2956.30,AAPL has shown strong consistent performance and is a staple in tech with solid fundamentals.
2026-06-11,NVDA,BUY,5,204.87,1024.35,"Despite recent fluctuations, NVDA remains a leader in AI and gaming sectors, representing a growth opportunity."
2026-06-11,MSFT,BUY,5,390.34,1951.70,"MSFT continues to innovate in cloud services and AI, indicating long-term growth potential."
2026-06-11,UNH,BUY,2,405.55,811.10,"UNH is a strong player in the healthcare space with good fundamentals, offering stability."
2026-06-11,V,BUY,5,319.05,1595.25,"V benefits from a global shift towards cashless transactions, increasing long-term value."
2026-06-11,AAPL,BUY,10,295.63,2956.30,"Apple has shown resilience and consistent performance, with strong earnings potential. Current valuation appears stable."
2026-06-11,MSFT,BUY,5,390.34,1951.70,"Microsoft's cloud business continues to grow, and with low downside risk, it's a strategic addition to the portfolio."
2026-06-11,V,BUY,5,319.05,1595.25,"Visa is a leader in digital payments with strong fundamentals and growth prospects, making it a good addition during market volatility."
2026-06-11,HD,BUY,5,326.01,1630.05,"Home Depot has a strong position in the home improvement market, and recent price action indicates positive momentum."
2026-06-11,AAPL,BUY,7,295.63,2069.41,AAPL has strong fundamentals and is a leading company in technology with potential for growth despite recent volatility.
2026-06-11,MSFT,BUY,5,390.34,1951.70,MSFT has a robust business model and continues to show resilience; it's a core holding that benefits from cloud and AI growth.
2026-06-11,GOOGL,BUY,3,357.77,1073.31,"GOOGL has strong revenue growth from advertising and cloud, making it a favorable long-term buy, especially after recent price dips."
2026-06-11,NVDA,BUY,4,204.87,819.48,"Despite recent downturns, NVDA is a leader in the semiconductor industry and has growth potential driven by AI and gaming."
2026-06-11,TSLA,BUY,2,399.15,798.30,TSLA is a growth stock with high volatility; it presents an opportunity for upside despite its recent losses.
